{"stat.useItem.20":95,"stat.useItem.54":1,"stat.useItem.383":8,"stat.flyOneCm":175056,"stat.useItem.276":4,"stat.deaths":8,"stat.walkOneCm":115065,"stat.drop":3,"stat.jump":154,"stat.swimOneCm":611,"stat.playOneMinute":29360,"achievement.openInventory":46,"stat.fallOneCm":2597,"stat.useItem.3":48,"stat.damageTaken":11172,"stat.damageDealt":5400,"stat.mobKills":1,"achievement.exploreAllBiomes":{"value":0,"progress":["River","Plains","Swampland","Savanna"]},"stat.killEntity.Creeper":1,"stat.diveOneCm":315}