{"stat.useItem.87":1,"stat.walkOneCm":64462,"achievement.openInventory":61,"stat.useItem.259":1,"stat.killEntity.Chicken":1,"stat.damageTaken":-2147483621,"stat.mobKills":1,"stat.useItem.383":21,"stat.flyOneCm":167950,"stat.deaths":3,"stat.drop":15,"stat.jump":111,"stat.playOneMinute":31586,"stat.climbOneCm":214,"stat.fallOneCm":1889,"stat.useItem.3":1,"stat.damageDealt":35,"stat.killEntity.Cow":1,"achievement.exploreAllBiomes":{"value":0,"progress":["River","Forest","Plains","Desert","Swampland","Savanna","Hell"]}}