{"stat.useItem.31":8,"stat.useItem.383":2,"stat.flyOneCm":107524,"stat.killEntity.Skeleton":1,"stat.walkOneCm":52224,"stat.drop":1,"stat.jump":89,"stat.killEntity.EntityHorse":2,"stat.playOneMinute":23988,"achievement.openInventory":35,"stat.climbOneCm":284,"stat.killEntity.Chicken":2,"stat.killEntity.Villager":2,"stat.killEntity.Zombie":1,"stat.killEntity.Squid":1,"stat.mobKills":5,"achievement.exploreAllBiomes":{"value":0,"progress":["Plains","Swampland","Savanna"]},"stat.killEntity.Creeper":1}