{"stat.useItem.383":40,"stat.flyOneCm":67336,"stat.killEntity.Bat":1,"stat.deaths":3,"stat.walkOneCm":67813,"stat.drop":4,"stat.jump":197,"stat.swimOneCm":1110,"stat.playOneMinute":27798,"achievement.openInventory":30,"stat.fallOneCm":7817,"stat.climbOneCm":106,"stat.killEntity.Chicken":1,"stat.damageTaken":1338,"stat.damageDealt":20,"stat.killEntity.Zombie":2,"stat.mobKills":7,"achievement.exploreAllBiomes":{"value":0,"progress":["Plains","Swampland","Savanna"]},"stat.killEntity.Creeper":1,"stat.diveOneCm":43}